link_url,price,source_image,title
https://berrybenka.com/clothing/outerwear/280534/brixy-corduroy-blazer-pink?trc_sale=clothing+outerwear,IDR 369.000,https://im.berrybenka.com/assets/cache/300x456/product/zoom/280534_brixy-corduroy-blazer-pink_pink_JV90S.jpg,Brixy Corduroy Blazer Pink
https://berrybenka.com/clothing/outerwear/279917/carla-sheddred-blazer-pink?trc_sale=clothing+outerwear,IDR 369.000,https://im.berrybenka.com/assets/cache/300x456/product/zoom/279917_carla-sheddred-blazer-pink_pink_Q9JAQ.jpg,Carla Sheddred Blazer Pink
https://berrybenka.com/clothing/outerwear/279943/charlyn-relax-blazer-set-blue?trc_sale=clothing+outerwear,IDR 299.000,https://im.berrybenka.com/assets/cache/300x456/product/zoom/279943_charlyn-relax-blazer-set-blue_blue_KL7KI.jpg,Charlyn Relax Blazer Set Blue
https://berrybenka.com/clothing/outerwear/280582/evelyn-pocket-tie-outerwear-green?trc_sale=clothing+outerwear,IDR 329.000,https://im.berrybenka.com/assets/cache/300x456/product/zoom/280582_evelyn-pocket-tie-outerwear-green_green_M4ETN.jpg,Evelyn Pocket Tie Outerwear Green
https://berrybenka.com/clothing/outerwear/280729/felka-oversized-blazer-cream?trc_sale=clothing+outerwear,IDR 349.000,https://im.berrybenka.com/assets/cache/300x456/product/zoom/280729_felka-oversized-blazer-cream_cream_FKVFF.jpg,Felka Oversized Blazer Cream
https://berrybenka.com/clothing/outerwear/279903/alixia-tweed-boxy-outer-beige?trc_sale=clothing+outerwear,IDR 319.000,https://im.berrybenka.com/assets/cache/300x456/product/zoom/279903_alixia-tweed-boxy-outer-beige_brown_ZO7PV.jpg,Alixia Tweed Boxy Outer Beige
https://berrybenka.com/clothing/outerwear/280601/estefany-drawstring-lace-outerwear-green?trc_sale=clothing+outerwear,IDR 369.000,https://im.berrybenka.com/assets/cache/300x456/product/zoom/280601_estefany-drawstring-lace-outerwear-green_green_HD4PY.jpg,Estefany Drawstring Lace Outerwear Green
https://berrybenka.com/clothing/outerwear/279951/chanel-corduroy-comfy-blazer-olive?trc_sale=clothing+outerwear,IDR 319.000,https://im.berrybenka.com/assets/cache/300x456/product/zoom/279951_chanel-corduroy-comfy-blazer-olive_green_1927A.jpg,Chanel Corduroy Comfy Blazer Olive
https://berrybenka.com/clothing/outerwear/280529/elone-stripe-outer-cream?trc_sale=clothing+outerwear,IDR 329.000,https://im.berrybenka.com/assets/cache/300x456/product/zoom/280529_elone-stripe-outer-cream_cream_BCKPS.jpg,Elone Stripe Outer Cream
https://berrybenka.com/clothing/outerwear/280598/elvira-layered-belt-outerwear-green?trc_sale=clothing+outerwear,IDR 329.000,https://im.berrybenka.com/assets/cache/300x456/product/zoom/280598_elvira-layered-belt-outerwear-green_green_P5E1J.jpg,Elvira Layered Belt Outerwear Green
https://berrybenka.com/clothing/outerwear/279937/chloe-stripe-relax-blazer-brown?trc_sale=clothing+outerwear,IDR 329.000,https://im.berrybenka.com/assets/cache/300x456/product/zoom/279937_chloe-stripe-relax-blazer-brown_brown_46YJW.jpg,Chloe Stripe Relax Blazer Brown
https://berrybenka.com/clothing/outerwear/279728/mindie-knit-outer-grey?trc_sale=clothing+outerwear,IDR 259.000,https://im.berrybenka.com/assets/cache/300x456/product/zoom/279728_mindie-knit-outer-grey_grey_4HGKD.jpg,Mindie Knit Outer Grey
https://berrybenka.com/clothing/outerwear/280515/eshana-structured-plaid-blazer-green?trc_sale=clothing+outerwear,IDR 369.000,https://im.berrybenka.com/assets/cache/300x456/product/zoom/280515_eshana-structured-plaid-blazer-green_green_65AAW.jpg,Eshana Structured Plaid Blazer Green
https://berrybenka.com/clothing/outerwear/279160/denae-pompom-outer-white?trc_sale=clothing+outerwear,IDR 319.000,https://im.berrybenka.com/assets/cache/300x456/product/zoom/279160_denae-pompom-outer-white_white_M8XBU.jpg,Denae Pompom Outer White
https://berrybenka.com/clothing/outerwear/280597/elise-combined-coat-green?trc_sale=clothing+outerwear,IDR 369.000,https://im.berrybenka.com/assets/cache/300x456/product/zoom/280597_elise-combined-coat-green_green_OER6R.jpg,Elise Combined Coat Green
https://berrybenka.com/clothing/outerwear/280037/sonia-shirt-outer-white?trc_sale=clothing+outerwear,IDR 249.000,https://im.berrybenka.com/assets/cache/300x456/product/zoom/280037_sonia-shirt-outer-white_white_BLY81.jpg,Sonia Shirt Outer White
https://berrybenka.com/clothing/outerwear/279941/coline-button-vest-blue?trc_sale=clothing+outerwear,IDR 269.000,https://im.berrybenka.com/assets/cache/300x456/product/zoom/279941_coline-button-vest-blue_blue_D24R8.jpg,Coline Button Vest Blue
https://berrybenka.com/clothing/outerwear/279702/belvana-drawstring-tailor-black?trc_sale=clothing+outerwear,IDR 319.000,https://im.berrybenka.com/assets/cache/300x456/product/zoom/279702_belvana-drawstring-tailor-black_black_8CPM1.jpg,Belvana Drawstring Tailor Black
https://berrybenka.com/clothing/outerwear/280428/eunice-long-outer-black?trc_sale=clothing+outerwear,IDR 329.000,https://im.berrybenka.com/assets/cache/300x456/product/zoom/280428_eunice-long-outer-black_black_CL5WA.jpg,Eunice Long Outer Black
https://berrybenka.com/clothing/outerwear/280514/emma-printed-kimono-green?trc_sale=clothing+outerwear,IDR 299.000,https://im.berrybenka.com/assets/cache/300x456/product/zoom/280514_emma-printed-kimono-green_green_GO8HX.jpg,Emma Printed Kimono Green
https://berrybenka.com/clothing/outerwear/280386/dena-oversized-blazer-cream?trc_sale=clothing+outerwear,IDR 329.000,https://im.berrybenka.com/assets/cache/300x456/product/zoom/280386_dena-oversized-blazer-cream_cream_LYIAF.jpg,Dena Oversized Blazer Cream
https://berrybenka.com/clothing/outerwear/279343/raistia-two-tone-outer-jacket-multicolour?trc_sale=clothing+outerwear,IDR 319.000,https://im.berrybenka.com/assets/cache/300x456/product/zoom/279343_raistia-two-tone-outer-jacket-multicolour_multi-color_CKKOB.jpg,Raistia Two Tone Outer Jacket Multicolour
https://berrybenka.com/clothing/outerwear/279774/bianda-suede-belt-vest-dark-brown?trc_sale=clothing+outerwear,IDR 269.000,https://im.berrybenka.com/assets/cache/300x456/product/zoom/279774_bianda-suede-belt-vest-dark-brown_brown_FYLDP.jpg,Bianda Suede Belt Vest Dark Brown
https://berrybenka.com/clothing/outerwear/279699/benca-drawstring-sleeve-outer-brown?trc_sale=clothing+outerwear,IDR 369.000,https://im.berrybenka.com/assets/cache/300x456/product/zoom/279699_benca-drawstring-sleeve-outer-brown_brown_PW7LV.jpg,Benca Drawstring Sleeve Outer Brown
https://berrybenka.com/clothing/outerwear/280381/dina-tribal-outer-black-white?trc_sale=clothing+outerwear,IDR 329.000,https://im.berrybenka.com/assets/cache/300x456/product/zoom/280381_dina-tribal-outer-black-white_multi-color_IEBKS.jpg,Dina Tribal Outer Black  White
https://berrybenka.com/clothing/outerwear/279049/kalena-plain-blazer-grey?trc_sale=clothing+outerwear,IDR 269.000,https://im.berrybenka.com/assets/cache/300x456/product/zoom/279049_kalena-plain-blazer-grey_grey_HWD8Z.jpg,Kalena Plain Blazer Grey
https://berrybenka.com/clothing/outerwear/279709/brigitta-2-tone-outer-white?trc_sale=clothing+outerwear,IDR 319.000,https://im.berrybenka.com/assets/cache/300x456/product/zoom/279709_brigitta-2-tone-outer-white_white_7VU6C.jpg,Brigitta 2 Tone Outer White
https://berrybenka.com/clothing/outerwear/280427/elza-tailored-vest-black?trc_sale=clothing+outerwear,IDR 329.000,https://im.berrybenka.com/assets/cache/300x456/product/zoom/280427_elza-tailored-vest-black_black_2GJBK.jpg,Elza Tailored Vest Black
https://berrybenka.com/clothing/outerwear/280459/elliot-oversize-outer-black?trc_sale=clothing+outerwear,IDR 369.000,https://im.berrybenka.com/assets/cache/300x456/product/zoom/280459_elliot-oversize-outer-black_black_66JAV.jpg,Elliot Oversize Outer Black
https://berrybenka.com/clothing/outerwear/279906/carnetta-long-blazer-set-blue?trc_sale=clothing+outerwear,IDR 329.000,https://im.berrybenka.com/assets/cache/300x456/product/zoom/279906_carnetta-long-blazer-set-blue_blue_7PY7K.jpg,Carnetta Long Blazer Set Blue
https://berrybenka.com/clothing/outerwear/280460/elora-piping-outer-black?trc_sale=clothing+outerwear,IDR 369.000,https://im.berrybenka.com/assets/cache/300x456/product/zoom/280460_elora-piping-outer-black_black_FY99F.jpg,Elora Piping Outer Black
https://berrybenka.com/clothing/outerwear/279159/denae-pompom-outer-black?trc_sale=clothing+outerwear,IDR 299.000,https://im.berrybenka.com/assets/cache/300x456/product/zoom/279159_denae-pompom-outer-black_black_LR451.jpg,Denae Pompom Outer Black
https://berrybenka.com/clothing/outerwear/279405/belinda-tweed-boxy-jacket-blue?trc_sale=clothing+outerwear,IDR 299.000,https://im.berrybenka.com/assets/cache/300x456/product/zoom/279405_belinda-tweed-boxy-jacket-blue_blue_CWCZS.jpg,Belinda Tweed Boxy Jacket Blue
https://berrybenka.com/clothing/outerwear/280517/egypt-long-outer-black?trc_sale=clothing+outerwear,IDR 329.000,https://im.berrybenka.com/assets/cache/300x456/product/zoom/280517_egypt-long-outer-black_black_QWY7Q.jpg,Egypt Long Outer Black
https://berrybenka.com/clothing/outerwear/276597/bertha-pattern-sweater-black?trc_sale=clothing+outerwear,IDR 219.000,https://im.berrybenka.com/assets/cache/300x456/product/zoom/276597_bertha-pattern-sweater-black_black_EQR85.jpg,Bertha Pattern Sweater Black
https://berrybenka.com/clothing/outerwear/279443/blest-long-loose-outer-blue?trc_sale=clothing+outerwear,IDR 369.000,https://im.berrybenka.com/assets/cache/300x456/product/zoom/279443_blest-long-loose-outer-blue_blue_7X4LS.jpg,Blest Long Loose Outer Blue
https://berrybenka.com/clothing/outerwear/280303/dicha-drop-shoulder-tailor-green?trc_sale=clothing+outerwear,IDR 299.000,https://im.berrybenka.com/assets/cache/300x456/product/zoom/280303_dicha-drop-shoulder-tailor-green_green_QE0JX.jpg,Dicha Drop Shoulder Tailor Green
https://berrybenka.com/clothing/outerwear/274886/mili-loose-outer-pink?trc_sale=clothing+outerwear,IDR 149.000,https://im.berrybenka.com/assets/cache/300x456/product/zoom/274886_mili-loose-outer-pink_pink_8NZ8O.jpg,Mili Loose Outer Pink
https://berrybenka.com/clothing/outerwear/279738/quamila-tweed-outer-white?trc_sale=clothing+outerwear,IDR 299.000,https://im.berrybenka.com/assets/cache/300x456/product/zoom/279738_quamila-tweed-outer-white_white_BZJHJ.jpg,Quamila Tweed Outer White
https://berrybenka.com/clothing/outerwear/280318/damita-plaid-outer-multi-color?trc_sale=clothing+outerwear,IDR 369.000,https://im.berrybenka.com/assets/cache/300x456/product/zoom/280318_damita-plaid-outer-multi-color_multi-color_3WVX4.jpg,Damita Plaid Outer Multi Color
https://berrybenka.com/clothing/outerwear/279840/chaka-stripes-kimono-outer-multi-color?trc_sale=clothing+outerwear,IDR 369.000,https://im.berrybenka.com/assets/cache/300x456/product/zoom/279840_chaka-stripes-kimono-outer-multi-color_multi-color_XHWAM.jpg,Chaka Stripes Kimono Outer Multi Color
https://berrybenka.com/clothing/outerwear/279919/carena-relax-outer-pink?trc_sale=clothing+outerwear,IDR 269.000,https://im.berrybenka.com/assets/cache/300x456/product/zoom/279919_carena-relax-outer-pink_pink_8Y2CH.jpg,Carena Relax Outer Pink
https://berrybenka.com/clothing/outerwear/279831/catheryn-tenun-outer-yellow?trc_sale=clothing+outerwear,IDR 369.000,https://im.berrybenka.com/assets/cache/300x456/product/zoom/279831_catheryn-tenun-outer-yellow_yellow_2XUF5.jpg,Catheryn Tenun Outer Yellow
https://berrybenka.com/clothing/outerwear/279863/cara-denim-tribal-kimono-outer-navy?trc_sale=clothing+outerwear,IDR 329.000,https://im.berrybenka.com/assets/cache/300x456/product/zoom/279863_cara-denim-tribal-kimono-outer-navy_blue_A3EU3.jpg,Cara Denim Tribal Kimono Outer Navy
https://berrybenka.com/clothing/outerwear/278758/vella-3combined-assymetric-outer-black?trc_sale=clothing+outerwear,IDR 229.000,https://im.berrybenka.com/assets/cache/300x456/product/zoom/278758_vella-3combined-assymetric-outer-black_black_ZNSYT.jpg,Vella 3Combined Assymetric Outer Black
https://berrybenka.com/clothing/outerwear/279383/bree-long-kimono-blue?trc_sale=clothing+outerwear,IDR 299.000,https://im.berrybenka.com/assets/cache/300x456/product/zoom/279383_bree-long-kimono-blue_blue_WVDIN.jpg,Bree Long Kimono Blue
https://berrybenka.com/clothing/outerwear/280131/dior-drawstring-outerwear-white?trc_sale=clothing+outerwear,IDR 369.000,https://im.berrybenka.com/assets/cache/300x456/product/zoom/280131_dior-drawstring-outerwear-white_white_J43HM.jpg,Dior Drawstring Outerwear White
https://berrybenka.com/clothing/outerwear/279777/celine-tribal-oversized-outer-maroon?trc_sale=clothing+outerwear,IDR 329.000,https://im.berrybenka.com/assets/cache/300x456/product/zoom/279777_celine-tribal-oversized-outer-maroon_red_MCUIU.jpg,Celine Tribal Oversized Outer Maroon
